,Model,Time taken,Optimal Parameters,Accuracy,Precision,Recall,F1,ROC-AUC
0,tabnet,58.45684838294983,"{'gamma': 1.0, 'lambda_sparse': 0, 'momentum': 0.4, 'n_steps': 8, 'optimizer_params': {'lr': 0.025}, 'verbose': 0}",0.9365591397849462,0.9405204460966543,0.8902181562280085,0.9146782357194504,0.927710209040494
1,svm,3.3346385955810547,"{'C': 1000, 'gamma': 1}",0.942741935483871,0.9339080459770115,0.9148486980999296,0.9242801279772483,0.937415649615428
2,xgboost,2.9037301540374756,"{'learning_rate': 0.05, 'max_depth': 8, 'n_estimators': 1000}",0.9518817204301075,0.9546120058565154,0.9176636171710063,0.9357732328668819,0.9453476850535327
3,mlp,1.9095981121063232,"{'input_dim': 12, 'H': 60, 'activation': 'relu', 'dropout_probability': 0.2, 'num_epochs': 75, 'num_layers': 10}",0.8879032258064516,0.8669590643274854,0.8346235045742435,0.85048404446038,0.877729325144886
4,lightGBM,0.10652875900268555,"{'bagging_fraction': 0.95, 'bagging_freq': 1, 'feature_fraction': 0.95, 'learning_rate': 0.2, 'max_bin': 300, 'max_depth': 6, 'min_gain_to_split': 0, 'num_leaves': 20}",0.9532258064516129,0.9561082662765179,0.9197748064743139,0.9375896700143472,0.9468382514320243
5,stacking,198.3471782207489,,0.9526881720430107,0.9520697167755992,0.9225897255453905,0.9370979270907791,0.9469407957870493
